Passengerid,Age,Fare,Sex,sibsp,Parch,Pclass,Embarked,Survived
1,22,7.25,M,1,0,3a,Southampton,0
2,38,71.2833,F,1,0,1a,Cherbourg,1
3,26,7925,F,0,0,3a,Southampton,1
4,35,53.1,F,1,0,1a,Southampton,1
5,35,8.05,M,0,0,3a,Southampton,0
6,28,8.4583,M,0,0,3a,Queenstown,0
7,54,51.8625,M,0,0,1a,Southampton,0
8,2,21075,M,3,1,3a,Southampton,0
9,27,11.1333,F,0,2,3a,Southampton,1
10,14,30.0708,F,1,0,2a,Cherbourg,1
11,4,16.7,F,1,1,3a,Southampton,1
12,58,26.55,F,0,0,1a,Southampton,1
13,20,8.05,M,0,0,3a,Southampton,0
14,39,31275,M,1,5,3a,Southampton,0
15,14,7.8542,F,0,0,3a,Southampton,0
16,55,16,F,0,0,2a,Southampton,1
17,2,29125,M,4,1,3a,Queenstown,0
18,28,13,M,0,0,2a,Southampton,1
19,31,18,F,1,0,3a,Southampton,0
20,28,7225,F,0,0,3a,Cherbourg,1
21,35,26,M,0,0,2a,Southampton,0
22,34,13,M,0,0,2a,Southampton,1
23,15,8.0292,F,0,0,3a,Queenstown,1
24,28,35.5,M,0,0,1a,Southampton,1
25,8,21075,F,3,1,3a,Southampton,0
26,38,31.3875,F,1,5,3a,Southampton,1
27,28,7225,M,0,0,3a,Cherbourg,0
28,19,263,M,3,2,1a,Southampton,0
29,28,7.8792,F,0,0,3a,Queenstown,1
30,28,7.8958,M,0,0,3a,Southampton,0
31,40,27.7208,M,0,0,1a,Cherbourg,0
32,28,146.5208,F,1,0,1a,Cherbourg,1
33,28,7.75,F,0,0,3a,Queenstown,1
34,66,10.5,M,0,0,2a,Southampton,0
35,28,82.1708,M,1,0,1a,Cherbourg,0
36,42,52,M,1,0,1a,Southampton,0
37,28,7.2292,M,0,0,3a,Cherbourg,1
38,21,8.05,M,0,0,3a,Southampton,0
39,18,18,F,2,0,3a,Southampton,0
40,14,11.2417,F,1,0,3a,Cherbourg,1
41,40,9475,F,1,0,3a,Southampton,0
42,27,21,F,1,0,2a,Southampton,0
43,28,7.8958,M,0,0,3a,Cherbourg,0
44,3,41.5792,F,1,2,2a,Cherbourg,1
45,19,7.8792,F,0,0,3a,Queenstown,1
46,28,8.05,M,0,0,3a,Southampton,0
47,28,15.5,M,1,0,3a,Queenstown,0
48,28,7.75,F,0,0,3a,Queenstown,1
49,28,21.6792,M,2,0,3a,Cherbourg,0
50,18,17.8,F,1,0,3a,Southampton,0
51,7,39.6875,M,4,1,3a,Southampton,0
52,21,7.8,M,0,0,3a,Southampton,0
53,49,76.7292,F,1,0,1a,Cherbourg,1
54,29,26,F,1,0,2a,Southampton,1
55,65,61.9792,M,0,1,1a,Cherbourg,0
56,28,35.5,M,0,0,1a,Southampton,1
57,21,10.5,F,0,0,2a,Southampton,1
58,28.5,7.2292,M,0,0,3a,Cherbourg,0
59,5,27.75,F,1,2,2a,Southampton,1
60,11,46.9,M,5,2,3a,Southampton,0
61,22,7.2292,M,0,0,3a,Cherbourg,0
62,38,80,F,0,0,1a,,1
63,45,83475,M,1,0,1a,Southampton,0
64,4,27.9,M,3,2,3a,Southampton,0
65,28,27.7208,M,0,0,1a,Cherbourg,0
66,28,15.2458,M,1,1,3a,Cherbourg,1
67,29,10.5,F,0,0,2a,Southampton,1
68,19,8.1583,M,0,0,3a,Southampton,0
69,17,7925,F,4,2,3a,Southampton,1
70,26,8.6625,M,2,0,3a,Southampton,0
71,32,10.5,M,0,0,2a,Southampton,0
72,16,46.9,F,5,2,3a,Southampton,0
73,21,73.5,M,0,0,2a,Southampton,0
74,26,14.4542,M,1,0,3a,Cherbourg,0
75,32,56.4958,M,0,0,3a,Southampton,1
76,25,7.65,M,0,0,3a,Southampton,0
77,28,7.8958,M,0,0,3a,Southampton,0
78,28,8.05,M,0,0,3a,Southampton,0
79,0.83,29,M,0,2,2a,Southampton,1
80,30,12475,F,0,0,3a,Southampton,1
81,22,9,M,0,0,3a,Southampton,0
82,29,9.5,M,0,0,3a,Southampton,1
83,28,7.7875,F,0,0,3a,Queenstown,1
84,28,47.1,M,0,0,1a,Southampton,0
85,17,10.5,F,0,0,2a,Southampton,1
86,33,15.85,F,3,0,3a,Southampton,1
87,16,34375,M,1,3,3a,Southampton,0
88,28,8.05,M,0,0,3a,Southampton,0
89,23,263,F,3,2,1a,Southampton,1
90,24,8.05,M,0,0,3a,Southampton,0
91,29,8.05,M,0,0,3a,Southampton,0
92,20,7.8542,M,0,0,3a,Southampton,0
93,46,61175,M,1,0,1a,Southampton,0
94,26,20575,M,1,2,3a,Southampton,0
95,59,7.25,M,0,0,3a,Southampton,0
96,28,8.05,M,0,0,3a,Southampton,0
97,71,34.6542,M,0,0,1a,Cherbourg,0
98,23,63.3583,M,0,1,1a,Cherbourg,1
99,34,23,F,0,1,2a,Southampton,1
100,34,26,M,1,0,2a,Southampton,0
101,28,7.8958,F,0,0,3a,Southampton,0
102,28,7.8958,M,0,0,3a,Southampton,0
103,21,77.2875,M,0,1,1a,Southampton,0
104,33,8.6542,M,0,0,3a,Southampton,0
105,37,7925,M,2,0,3a,Southampton,0
106,28,7.8958,M,0,0,3a,Southampton,0
107,21,7.65,F,0,0,3a,Southampton,1
108,28,7775,M,0,0,3a,Southampton,1
109,38,7.8958,M,0,0,3a,Southampton,0
110,28,24.15,F,1,0,3a,Queenstown,1
111,47,52,M,0,0,1a,Southampton,0
112,14.5,14.4542,F,1,0,3a,Cherbourg,0
113,22,8.05,M,0,0,3a,Southampton,0
114,20,9825,F,1,0,3a,Southampton,0
115,17,14.4583,F,0,0,3a,Cherbourg,0
116,21,7925,M,0,0,3a,Southampton,0
117,70.5,7.75,M,0,0,3a,Queenstown,0
118,29,21,M,1,0,2a,Southampton,0
119,24,247.5208,M,0,1,1a,Cherbourg,0
120,2,31275,F,4,2,3a,Southampton,0
121,21,73.5,M,2,0,2a,Southampton,0
122,28,8.05,M,0,0,3a,Southampton,0
123,32.5,30.0708,M,1,0,2a,Cherbourg,0
124,32.5,13,F,0,0,2a,Southampton,1
125,54,77.2875,M,0,1,1a,Southampton,0
126,12,11.2417,M,1,0,3a,Cherbourg,1
127,28,7.75,M,0,0,3a,Queenstown,0
128,24,7.1417,M,0,0,3a,Southampton,1
129,28,22.3583,F,1,1,3a,Cherbourg,1
130,45,6975,M,0,0,3a,Southampton,0
131,33,7.8958,M,0,0,3a,Cherbourg,0
132,20,7.05,M,0,0,3a,Southampton,0
133,47,14.5,F,1,0,3a,Southampton,0
134,29,26,F,1,0,2a,Southampton,1
135,25,13,M,0,0,2a,Southampton,0
136,23,15.0458,M,0,0,2a,Cherbourg,0
137,19,26.2833,F,0,2,1a,Southampton,1
138,37,53.1,M,1,0,1a,Southampton,0
139,16,9.2167,M,0,0,3a,Southampton,0
140,24,79.2,M,0,0,1a,Cherbourg,0
141,28,15.2458,F,0,2,3a,Cherbourg,0
142,22,7.75,F,0,0,3a,Southampton,1
143,24,15.85,F,1,0,3a,Southampton,1
144,19,6.75,M,0,0,3a,Queenstown,0
145,18,11.5,M,0,0,2a,Southampton,0
146,19,36.75,M,1,1,2a,Southampton,0
147,27,7.7958,M,0,0,3a,Southampton,1
148,9,34375,F,2,2,3a,Southampton,0
149,36.5,26,M,0,2,2a,Southampton,0
150,42,13,M,0,0,2a,Southampton,0
151,51,12525,M,0,0,2a,Southampton,0
152,22,66.6,F,1,0,1a,Southampton,1
153,55.5,8.05,M,0,0,3a,Southampton,0
154,40.5,14.5,M,0,2,3a,Southampton,0
155,28,7.3125,M,0,0,3a,Southampton,0
156,51,61.3792,M,0,1,1a,Cherbourg,0
157,16,7.7333,F,0,0,3a,Queenstown,1
158,30,8.05,M,0,0,3a,Southampton,0
159,28,8.6625,M,0,0,3a,Southampton,0
160,28,69.55,M,8,2,3a,Southampton,0
161,44,16.1,M,0,1,3a,Southampton,0
162,40,15.75,F,0,0,2a,Southampton,1
163,26,7775,M,0,0,3a,Southampton,0
164,17,8.6625,M,0,0,3a,Southampton,0
165,1,39.6875,M,4,1,3a,Southampton,0
166,9,20525,M,0,2,3a,Southampton,1
167,28,55,F,0,1,1a,Southampton,1
168,45,27.9,F,1,4,3a,Southampton,0
169,28,25925,M,0,0,1a,Southampton,0
170,28,56.4958,M,0,0,3a,Southampton,0
171,61,33.5,M,0,0,1a,Southampton,0
172,4,29125,M,4,1,3a,Queenstown,0
173,1,11.1333,F,1,1,3a,Southampton,1
174,21,7925,M,0,0,3a,Southampton,0
175,56,30.6958,M,0,0,1a,Cherbourg,0
176,18,7.8542,M,1,1,3a,Southampton,0
177,28,25.4667,M,3,1,3a,Southampton,0
178,50,28.7125,F,0,0,1a,Cherbourg,0
179,30,13,M,0,0,2a,Southampton,0
180,36,0,M,0,0,3a,Southampton,0
181,28,69.55,F,8,2,3a,Southampton,0
182,28,15.05,M,0,0,2a,Cherbourg,0
183,9,31.3875,M,4,2,3a,Southampton,0
184,1,39,M,2,1,2a,Southampton,1
185,4,22025,F,0,2,3a,Southampton,1
186,28,50,M,0,0,1a,Southampton,0
187,28,15.5,F,1,0,3a,Queenstown,1
188,45,26.55,M,0,0,1a,Southampton,1
189,40,15.5,M,1,1,3a,Queenstown,0
190,36,7.8958,M,0,0,3a,Southampton,0
191,32,13,F,0,0,2a,Southampton,1
192,19,13,M,0,0,2a,Southampton,0
193,19,7.8542,F,1,0,3a,Southampton,1
194,3,26,M,1,1,2a,Southampton,1
195,44,27.7208,F,0,0,1a,Cherbourg,1
196,58,146.5208,F,0,0,1a,Cherbourg,1
197,28,7.75,M,0,0,3a,Queenstown,0
198,42,8.4042,M,0,1,3a,Southampton,0
199,28,7.75,F,0,0,3a,Queenstown,1
200,24,13,F,0,0,2a,Southampton,0
201,28,9.5,M,0,0,3a,Southampton,0
202,28,69.55,M,8,2,3a,Southampton,0
203,34,6.4958,M,0,0,3a,Southampton,0
204,45.5,7225,M,0,0,3a,Cherbourg,0
205,18,8.05,M,0,0,3a,Southampton,1
206,2,10.4625,F,0,1,3a,Southampton,0
207,32,15.85,M,1,0,3a,Southampton,0
208,26,18.7875,M,0,0,3a,Cherbourg,1
209,16,7.75,F,0,0,3a,Queenstown,1
210,40,31,M,0,0,1a,Cherbourg,1
211,24,7.05,M,0,0,3a,Southampton,0
212,35,21,F,0,0,2a,Southampton,1
213,22,7.25,M,0,0,3a,Southampton,0
214,30,13,M,0,0,2a,Southampton,0
215,28,7.75,M,1,0,3a,Queenstown,0
216,31,113275,F,1,0,1a,Cherbourg,1
217,27,7925,F,0,0,3a,Southampton,1
218,42,27,M,1,0,2a,Southampton,0
219,32,76.2917,F,0,0,1a,Cherbourg,1
220,30,10.5,M,0,0,2a,Southampton,0
221,16,8.05,M,0,0,3a,Southampton,1
222,27,13,M,0,0,2a,Southampton,0
223,51,8.05,M,0,0,3a,Southampton,0
224,28,7.8958,M,0,0,3a,Southampton,0
225,38,90,M,1,0,1a,Southampton,1
226,22,9.35,M,0,0,3a,Southampton,0
227,19,10.5,M,0,0,2a,Southampton,1
228,20.5,7.25,M,0,0,3a,Southampton,0
229,18,13,M,0,0,2a,Southampton,0
230,28,25.4667,F,3,1,3a,Southampton,0
231,35,83475,F,1,0,1a,Southampton,1
232,29,7775,M,0,0,3a,Southampton,0
233,59,13.5,M,0,0,2a,Southampton,0
234,5,31.3875,F,4,2,3a,Southampton,1
235,24,10.5,M,0,0,2a,Southampton,0
236,28,7.55,F,0,0,3a,Southampton,0
237,44,26,M,1,0,2a,Southampton,0
238,8,26.25,F,0,2,2a,Southampton,1
239,19,10.5,M,0,0,2a,Southampton,0
240,33,12275,M,0,0,2a,Southampton,0
241,28,14.4542,F,1,0,3a,Cherbourg,0
242,28,15.5,F,1,0,3a,Queenstown,1
243,29,10.5,M,0,0,2a,Southampton,0
244,22,7125,M,0,0,3a,Southampton,0
245,30,7225,M,0,0,3a,Cherbourg,0
246,44,90,M,2,0,1a,Queenstown,0
247,25,7775,F,0,0,3a,Southampton,0
248,24,14.5,F,0,2,2a,Southampton,1
249,37,52.5542,M,1,1,1a,Southampton,1
250,54,26,M,1,0,2a,Southampton,0
251,28,7.25,M,0,0,3a,Southampton,0
252,29,10.4625,F,1,1,3a,Southampton,0
253,62,26.55,M,0,0,1a,Southampton,0
254,30,16.1,M,1,0,3a,Southampton,0
255,41,20.2125,F,0,2,3a,Southampton,0
256,29,15.2458,F,0,2,3a,Cherbourg,1
257,28,79.2,F,0,0,1a,Cherbourg,1
258,30,86.5,F,0,0,1a,Southampton,1
259,35,512.3292,F,0,0,1a,Cherbourg,1
260,50,26,F,0,1,2a,Southampton,1
261,28,7.75,M,0,0,3a,Queenstown,0
262,3,31.3875,M,4,2,3a,Southampton,1
263,52,79.65,M,1,1,1a,Southampton,0
264,40,0,M,0,0,1a,Southampton,0
265,28,7.75,F,0,0,3a,Queenstown,0
266,36,10.5,M,0,0,2a,Southampton,0
267,16,39.6875,M,4,1,3a,Southampton,0
268,25,7775,M,1,0,3a,Southampton,1
269,58,153.4625,F,0,1,1a,Southampton,1
270,35,135.6333,F,0,0,1a,Southampton,1
271,28,31,M,0,0,1a,Southampton,0
272,25,0,M,0,0,3a,Southampton,1
273,41,19.5,F,0,1,2a,Southampton,1
274,37,29.7,M,0,1,1a,Cherbourg,0
275,28,7.75,F,0,0,3a,Queenstown,1
276,63,77.9583,F,1,0,1a,Southampton,1
277,45,7.75,F,0,0,3a,Southampton,0
278,28,0,M,0,0,2a,Southampton,0
279,7,29125,M,4,1,3a,Queenstown,0
280,35,20.25,F,1,1,3a,Southampton,1
281,65,7.75,M,0,0,3a,Queenstown,0
282,28,7.8542,M,0,0,3a,Southampton,0
283,16,9.5,M,0,0,3a,Southampton,0
284,19,8.05,M,0,0,3a,Southampton,1
285,28,26,M,0,0,1a,Southampton,0
286,33,8.6625,M,0,0,3a,Cherbourg,0
287,30,9.5,M,0,0,3a,Southampton,1
288,22,7.8958,M,0,0,3a,Southampton,0
289,42,13,M,0,0,2a,Southampton,1
290,22,7.75,F,0,0,3a,Queenstown,1
291,26,78.85,F,0,0,1a,Southampton,1
292,19,91.0792,F,1,0,1a,Cherbourg,1
293,36,12875,M,0,0,2a,Cherbourg,0
294,24,8.85,F,0,0,3a,Southampton,0
295,24,7.8958,M,0,0,3a,Southampton,0
296,28,27.7208,M,0,0,1a,Cherbourg,0
297,23.5,7.2292,M,0,0,3a,Cherbourg,0
298,2,151.55,F,1,2,1a,Southampton,0
299,28,30.5,M,0,0,1a,Southampton,1
300,50,247.5208,F,0,1,1a,Cherbourg,1
301,28,7.75,F,0,0,3a,Queenstown,1
302,28,23.25,M,2,0,3a,Queenstown,1
303,19,0,M,0,0,3a,Southampton,0
304,28,12.35,F,0,0,2a,Queenstown,1
305,28,8.05,M,0,0,3a,Southampton,0
306,0.92,151.55,M,1,2,1a,Southampton,1
307,28,110.8833,F,0,0,1a,Cherbourg,1
308,17,108.9,F,1,0,1a,Cherbourg,1
309,30,24,M,1,0,2a,Cherbourg,0
310,30,56.9292,F,0,0,1a,Cherbourg,1
311,24,83.1583,F,0,0,1a,Cherbourg,1
312,18,262375,F,2,2,1a,Cherbourg,1
313,26,26,F,1,1,2a,Southampton,0
314,28,7.8958,M,0,0,3a,Southampton,0
315,43,26.25,M,1,1,2a,Southampton,0
316,26,7.8542,F,0,0,3a,Southampton,1
317,24,26,F,1,0,2a,Southampton,1
318,54,14,M,0,0,2a,Southampton,0
319,31,164.8667,F,0,2,1a,Southampton,1
320,40,134.5,F,1,1,1a,Cherbourg,1
321,22,7.25,M,0,0,3a,Southampton,0
322,27,7.8958,M,0,0,3a,Southampton,0
323,30,12.35,F,0,0,2a,Queenstown,1
324,22,29,F,1,1,2a,Southampton,1
325,28,69.55,M,8,2,3a,Southampton,0
326,36,135.6333,F,0,0,1a,Cherbourg,1
327,61,6.2375,M,0,0,3a,Southampton,0
328,36,13,F,0,0,2a,Southampton,1
329,31,20525,F,1,1,3a,Southampton,1
330,16,57.9792,F,0,1,1a,Cherbourg,1
331,28,23.25,F,2,0,3a,Queenstown,1
332,45.5,28.5,M,0,0,1a,Southampton,0
333,38,153.4625,M,0,1,1a,Southampton,0
334,16,18,M,2,0,3a,Southampton,0
335,28,133.65,F,1,0,1a,Southampton,1
336,28,7.8958,M,0,0,3a,Southampton,0
337,29,66.6,M,1,0,1a,Southampton,0
338,41,134.5,F,0,0,1a,Cherbourg,1
339,45,8.05,M,0,0,3a,Southampton,1
340,45,35.5,M,0,0,1a,Southampton,0
341,2,26,M,1,1,2a,Southampton,1
342,24,263,F,3,2,1a,Southampton,1
343,28,13,M,0,0,2a,Southampton,0
344,25,13,M,0,0,2a,Southampton,0
345,36,13,M,0,0,2a,Southampton,0
346,24,13,F,0,0,2a,Southampton,1
347,40,13,F,0,0,2a,Southampton,1
348,28,16.1,F,1,0,3a,Southampton,1
349,3,15.9,M,1,1,3a,Southampton,1
350,42,8.6625,M,0,0,3a,Southampton,0
351,23,9225,M,0,0,3a,Southampton,0
352,28,35,M,0,0,1a,Southampton,0
353,15,7.2292,M,1,1,3a,Cherbourg,0
354,25,17.8,M,1,0,3a,Southampton,0
355,28,7225,M,0,0,3a,Cherbourg,0
356,28,9.5,M,0,0,3a,Southampton,0
357,22,55,F,0,1,1a,Southampton,1
358,38,13,F,0,0,2a,Southampton,0
359,28,7.8792,F,0,0,3a,Queenstown,1
360,28,7.8792,F,0,0,3a,Queenstown,1
361,40,27.9,M,1,4,3a,Southampton,0
362,29,27.7208,M,1,0,2a,Cherbourg,0
363,45,14.4542,F,0,1,3a,Cherbourg,0
364,35,7.05,M,0,0,3a,Southampton,0
365,28,15.5,M,1,0,3a,Queenstown,0
366,30,7.25,M,0,0,3a,Southampton,0
367,60,75.25,F,1,0,1a,Cherbourg,1
368,28,7.2292,F,0,0,3a,Cherbourg,1
369,28,7.75,F,0,0,3a,Queenstown,1
370,24,69.3,F,0,0,1a,Cherbourg,1
371,25,55.4417,M,1,0,1a,Cherbourg,1
372,18,6.4958,M,1,0,3a,Southampton,0
373,19,8.05,M,0,0,3a,Southampton,0
374,22,135.6333,M,0,0,1a,Cherbourg,0
375,3,21075,F,3,1,3a,Southampton,0
376,28,82.1708,F,1,0,1a,Cherbourg,1
377,22,7.25,F,0,0,3a,Southampton,1
378,27,211.5,M,0,2,1a,Cherbourg,0
379,20,4.0125,M,0,0,3a,Cherbourg,0
380,19,7775,M,0,0,3a,Southampton,0
381,42,227525,F,0,0,1a,Cherbourg,1
382,1,15.7417,F,0,2,3a,Cherbourg,1
383,32,7925,M,0,0,3a,Southampton,0
384,35,52,F,1,0,1a,Southampton,1
385,28,7.8958,M,0,0,3a,Southampton,0
386,18,73.5,M,0,0,2a,Southampton,0
387,1,46.9,M,5,2,3a,Southampton,0
388,36,13,F,0,0,2a,Southampton,1
389,28,7.7292,M,0,0,3a,Queenstown,0
390,17,12,F,0,0,2a,Cherbourg,1
391,36,120,M,1,2,1a,Southampton,1
392,21,7.7958,M,0,0,3a,Southampton,1
393,28,7925,M,2,0,3a,Southampton,0
394,23,113275,F,1,0,1a,Cherbourg,1
395,24,16.7,F,0,2,3a,Southampton,1
396,22,7.7958,M,0,0,3a,Southampton,0
397,31,7.8542,F,0,0,3a,Southampton,0
398,46,26,M,0,0,2a,Southampton,0
399,23,10.5,M,0,0,2a,Southampton,0
400,28,12.65,F,0,0,2a,Southampton,1
401,39,7925,M,0,0,3a,Southampton,1
402,26,8.05,M,0,0,3a,Southampton,0
403,21,9825,F,1,0,3a,Southampton,0
404,28,15.85,M,1,0,3a,Southampton,0
405,20,8.6625,F,0,0,3a,Southampton,0
406,34,21,M,1,0,2a,Southampton,0
407,51,7.75,M,0,0,3a,Southampton,0
408,3,18.75,M,1,1,2a,Southampton,1
409,21,7775,M,0,0,3a,Southampton,0
410,28,25.4667,F,3,1,3a,Southampton,0
411,28,7.8958,M,0,0,3a,Southampton,0
412,28,6.8583,M,0,0,3a,Queenstown,0
413,33,90,F,1,0,1a,Queenstown,1
414,28,0,M,0,0,2a,Southampton,0
415,44,7925,M,0,0,3a,Southampton,1
416,28,8.05,F,0,0,3a,Southampton,0
417,34,32.5,F,1,1,2a,Southampton,1
418,18,13,F,0,2,2a,Southampton,1
419,30,13,M,0,0,2a,Southampton,0
420,10,24.15,F,0,2,3a,Southampton,0
421,28,7.8958,M,0,0,3a,Cherbourg,0
422,21,7.7333,M,0,0,3a,Queenstown,0
423,29,7875,M,0,0,3a,Southampton,0
424,28,14.4,F,1,1,3a,Southampton,0
425,18,20.2125,M,1,1,3a,Southampton,0
426,28,7.25,M,0,0,3a,Southampton,0
427,28,26,F,1,0,2a,Southampton,1
428,19,26,F,0,0,2a,Southampton,1
429,28,7.75,M,0,0,3a,Queenstown,0
430,32,8.05,M,0,0,3a,Southampton,1
431,28,26.55,M,0,0,1a,Southampton,1
432,28,16.1,F,1,0,3a,Southampton,1
433,42,26,F,1,0,2a,Southampton,1
434,17,7125,M,0,0,3a,Southampton,0
435,50,55.9,M,1,0,1a,Southampton,0
436,14,120,F,1,2,1a,Southampton,1
437,21,34375,F,2,2,3a,Southampton,0
438,24,18.75,F,2,3,2a,Southampton,1
439,64,263,M,1,4,1a,Southampton,0
440,31,10.5,M,0,0,2a,Southampton,0
441,45,26.25,F,1,1,2a,Southampton,1
442,20,9.5,M,0,0,3a,Southampton,0
443,25,7775,M,1,0,3a,Southampton,0
444,28,13,F,0,0,2a,Southampton,1
445,28,8.1125,M,0,0,3a,Southampton,1
446,4,81.8583,M,0,2,1a,Southampton,1
447,13,19.5,F,0,1,2a,Southampton,1
448,34,26.55,M,0,0,1a,Southampton,1
449,5,19.2583,F,2,1,3a,Cherbourg,1
450,52,30.5,M,0,0,1a,Southampton,1
451,36,27.75,M,1,2,2a,Southampton,0
452,28,19.9667,M,1,0,3a,Southampton,0
453,30,27.75,M,0,0,1a,Cherbourg,0
454,49,89.1042,M,1,0,1a,Cherbourg,1
455,28,8.05,M,0,0,3a,Southampton,0
456,29,7.8958,M,0,0,3a,Cherbourg,1
457,65,26.55,M,0,0,1a,Southampton,0
458,28,51.8625,F,1,0,1a,Southampton,1
459,50,10.5,F,0,0,2a,Southampton,1
460,28,7.75,M,0,0,3a,Queenstown,0
461,48,26.55,M,0,0,1a,Southampton,1
462,34,8.05,M,0,0,3a,Southampton,0
463,47,38.5,M,0,0,1a,Southampton,0
464,48,13,M,0,0,2a,Southampton,0
465,28,8.05,M,0,0,3a,Southampton,0
466,38,7.05,M,0,0,3a,Southampton,0
467,28,0,M,0,0,2a,Southampton,0
468,56,26.55,M,0,0,1a,Southampton,0
469,28,7725,M,0,0,3a,Queenstown,0
470,0.75,19.2583,F,2,1,3a,Cherbourg,1
471,28,7.25,M,0,0,3a,Southampton,0
472,38,8.6625,M,0,0,3a,Southampton,0
473,33,27.75,F,1,2,2a,Southampton,1
474,23,13.7917,F,0,0,2a,Cherbourg,1
475,22,9.8375,F,0,0,3a,Southampton,0
476,28,52,M,0,0,1a,Southampton,0
477,34,21,M,1,0,2a,Southampton,0
478,29,7.0458,M,1,0,3a,Southampton,0
479,22,7.5208,M,0,0,3a,Southampton,0
480,2,12.2875,F,0,1,3a,Southampton,1
481,9,46.9,M,5,2,3a,Southampton,0
482,28,0,M,0,0,2a,Southampton,0
483,50,8.05,M,0,0,3a,Southampton,0
484,63,9.5875,F,0,0,3a,Southampton,1
485,25,91.0792,M,1,0,1a,Cherbourg,1
486,28,25.4667,F,3,1,3a,Southampton,0
487,35,90,F,1,0,1a,Southampton,1
488,58,29.7,M,0,0,1a,Cherbourg,0
489,30,8.05,M,0,0,3a,Southampton,0
490,9,15.9,M,1,1,3a,Southampton,1
491,28,19.9667,M,1,0,3a,Southampton,0
492,21,7.25,M,0,0,3a,Southampton,0
493,55,30.5,M,0,0,1a,Southampton,0
494,71,49.5042,M,0,0,1a,Cherbourg,0
495,21,8.05,M,0,0,3a,Southampton,0
496,28,14.4583,M,0,0,3a,Cherbourg,0
497,54,78.2667,F,1,0,1a,Cherbourg,1
498,28,15.1,M,0,0,3a,Southampton,0
499,25,151.55,F,1,2,1a,Southampton,0
500,24,7.7958,M,0,0,3a,Southampton,0
501,17,8.6625,M,0,0,3a,Southampton,0
502,21,7.75,F,0,0,3a,Queenstown,0
503,28,7.6292,F,0,0,3a,Queenstown,0
504,37,9.5875,F,0,0,3a,Southampton,0
505,16,86.5,F,0,0,1a,Southampton,1
506,18,108.9,M,1,0,1a,Cherbourg,0
507,33,26,F,0,2,2a,Southampton,1
508,28,26.55,M,0,0,1a,Southampton,1
509,28,22525,M,0,0,3a,Southampton,0
510,26,56.4958,M,0,0,3a,Southampton,1
511,29,7.75,M,0,0,3a,Queenstown,1
512,28,8.05,M,0,0,3a,Southampton,0
513,36,26.2875,M,0,0,1a,Southampton,1
514,54,59.4,F,1,0,1a,Cherbourg,1
515,24,7.4958,M,0,0,3a,Southampton,0
516,47,34.0208,M,0,0,1a,Southampton,0
517,34,10.5,F,0,0,2a,Southampton,1
518,28,24.15,M,0,0,3a,Queenstown,0
519,36,26,F,1,0,2a,Southampton,1
520,32,7.8958,M,0,0,3a,Southampton,0
521,30,93.5,F,0,0,1a,Southampton,1
522,22,7.8958,M,0,0,3a,Southampton,0
523,28,7225,M,0,0,3a,Cherbourg,0
524,44,57.9792,F,0,1,1a,Cherbourg,1
525,28,7.2292,M,0,0,3a,Cherbourg,0
526,40.5,7.75,M,0,0,3a,Queenstown,0
527,50,10.5,F,0,0,2a,Southampton,1
528,28,221.7792,M,0,0,1a,Southampton,0
529,39,7925,M,0,0,3a,Southampton,0
530,23,11.5,M,2,1,2a,Southampton,0
531,2,26,F,1,1,2a,Southampton,1
532,28,7.2292,M,0,0,3a,Cherbourg,0
533,17,7.2292,M,1,1,3a,Cherbourg,0
534,28,22.3583,F,0,2,3a,Cherbourg,1
535,30,8.6625,F,0,0,3a,Southampton,0
536,7,26.25,F,0,2,2a,Southampton,1
537,45,26.55,M,0,0,1a,Southampton,0
538,30,106425,F,0,0,1a,Cherbourg,1
539,28,14.5,M,0,0,3a,Southampton,0
540,22,49.5,F,0,2,1a,Cherbourg,1
541,36,71,F,0,2,1a,Southampton,1
542,9,31275,F,4,2,3a,Southampton,0
543,11,31275,F,4,2,3a,Southampton,0
544,32,26,M,1,0,2a,Southampton,1
545,50,106425,M,1,0,1a,Cherbourg,0
546,64,26,M,0,0,1a,Southampton,0
547,19,26,F,1,0,2a,Southampton,1
548,28,13.8625,M,0,0,2a,Cherbourg,1
549,33,20525,M,1,1,3a,Southampton,0
550,8,36.75,M,1,1,2a,Southampton,1
551,17,110.8833,M,0,2,1a,Cherbourg,1
552,27,26,M,0,0,2a,Southampton,0
553,28,7.8292,M,0,0,3a,Queenstown,0
554,22,7225,M,0,0,3a,Cherbourg,1
555,22,7775,F,0,0,3a,Southampton,1
556,62,26.55,M,0,0,1a,Southampton,0
557,48,39.6,F,1,0,1a,Cherbourg,1
558,28,227525,M,0,0,1a,Cherbourg,0
559,39,79.65,F,1,1,1a,Southampton,1
560,36,17.4,F,1,0,3a,Southampton,1
561,28,7.75,M,0,0,3a,Queenstown,0
562,40,7.8958,M,0,0,3a,Southampton,0
563,28,13.5,M,0,0,2a,Southampton,0
564,28,8.05,M,0,0,3a,Southampton,0
565,28,8.05,F,0,0,3a,Southampton,0
566,24,24.15,M,2,0,3a,Southampton,0
567,19,7.8958,M,0,0,3a,Southampton,0
568,29,21075,F,0,4,3a,Southampton,0
569,28,7.2292,M,0,0,3a,Cherbourg,0
570,32,7.8542,M,0,0,3a,Southampton,1
571,62,10.5,M,0,0,2a,Southampton,1
572,53,51.4792,F,2,0,1a,Southampton,1
573,36,26.3875,M,0,0,1a,Southampton,1
574,28,7.75,F,0,0,3a,Queenstown,1
575,16,8.05,M,0,0,3a,Southampton,0
576,19,14.5,M,0,0,3a,Southampton,0
577,34,13,F,0,0,2a,Southampton,1
578,39,55.9,F,1,0,1a,Southampton,1
579,28,14.4583,F,1,0,3a,Cherbourg,0
580,32,7925,M,0,0,3a,Southampton,1
581,25,30,F,1,1,2a,Southampton,1
582,39,110.8833,F,1,1,1a,Cherbourg,1
583,54,26,M,0,0,2a,Southampton,0
584,36,40125,M,0,0,1a,Cherbourg,0
585,28,8.7125,M,0,0,3a,Cherbourg,0
586,18,79.65,F,0,2,1a,Southampton,1
587,47,15,M,0,0,2a,Southampton,0
588,60,79.2,M,1,1,1a,Cherbourg,1
589,22,8.05,M,0,0,3a,Southampton,0
590,28,8.05,M,0,0,3a,Southampton,0
591,35,7125,M,0,0,3a,Southampton,0
592,52,78.2667,F,1,0,1a,Cherbourg,1
593,47,7.25,M,0,0,3a,Southampton,0
594,28,7.75,F,0,2,3a,Queenstown,0
595,37,26,M,1,0,2a,Southampton,0
596,36,24.15,M,1,1,3a,Southampton,0
597,28,33,F,0,0,2a,Southampton,1
598,49,0,M,0,0,3a,Southampton,0
599,28,7225,M,0,0,3a,Cherbourg,0
600,49,56.9292,M,1,0,1a,Cherbourg,1
601,24,27,F,2,1,2a,Southampton,1
602,28,7.8958,M,0,0,3a,Southampton,0
603,28,42.4,M,0,0,1a,Southampton,0
604,44,8.05,M,0,0,3a,Southampton,0
605,35,26.55,M,0,0,1a,Cherbourg,1
606,36,15.55,M,1,0,3a,Southampton,0
607,30,7.8958,M,0,0,3a,Southampton,0
608,27,30.5,M,0,0,1a,Southampton,1
609,22,41.5792,F,1,2,2a,Cherbourg,1
610,40,153.4625,F,0,0,1a,Southampton,1
611,39,31275,F,1,5,3a,Southampton,0
612,28,7.05,M,0,0,3a,Southampton,0
613,28,15.5,F,1,0,3a,Queenstown,1
614,28,7.75,M,0,0,3a,Queenstown,0
615,35,8.05,M,0,0,3a,Southampton,0
616,24,65,F,1,2,2a,Southampton,1
617,34,14.4,M,1,1,3a,Southampton,0
618,26,16.1,F,1,0,3a,Southampton,0
619,4,39,F,2,1,2a,Southampton,1
620,26,10.5,M,0,0,2a,Southampton,0
621,27,14.4542,M,1,0,3a,Cherbourg,0
622,42,52.5542,M,1,0,1a,Southampton,1
623,20,15.7417,M,1,1,3a,Cherbourg,1
624,21,7.8542,M,0,0,3a,Southampton,0
625,21,16.1,M,0,0,3a,Southampton,0
626,61,32.3208,M,0,0,1a,Southampton,0
627,57,12.35,M,0,0,2a,Queenstown,0
628,21,77.9583,F,0,0,1a,Southampton,1
629,26,7.8958,M,0,0,3a,Southampton,0
630,28,7.7333,M,0,0,3a,Queenstown,0
631,80,30,M,0,0,1a,Southampton,1
632,51,7.0542,M,0,0,3a,Southampton,0
633,32,30.5,M,0,0,1a,Cherbourg,1
634,28,0,M,0,0,1a,Southampton,0
635,9,27.9,F,3,2,3a,Southampton,0
636,28,13,F,0,0,2a,Southampton,1
637,32,7925,M,0,0,3a,Southampton,0
638,31,26.25,M,1,1,2a,Southampton,0
639,41,39.6875,F,0,5,3a,Southampton,0
640,28,16.1,M,1,0,3a,Southampton,0
641,20,7.8542,M,0,0,3a,Southampton,0
642,24,69.3,F,0,0,1a,Cherbourg,1
643,2,27.9,F,3,2,3a,Southampton,0
644,28,56.4958,M,0,0,3a,Southampton,1
645,0.75,19.2583,F,2,1,3a,Cherbourg,1
646,48,76.7292,M,1,0,1a,Cherbourg,1
647,19,7.8958,M,0,0,3a,Southampton,0
648,56,35.5,M,0,0,1a,Cherbourg,1
649,28,7.55,M,0,0,3a,Southampton,0
650,23,7.55,F,0,0,3a,Southampton,1
651,28,7.8958,M,0,0,3a,Southampton,0
652,18,23,F,0,1,2a,Southampton,1
653,21,8.4333,M,0,0,3a,Southampton,0
654,28,7.8292,F,0,0,3a,Queenstown,1
655,18,6.75,F,0,0,3a,Queenstown,0
656,24,73.5,M,2,0,2a,Southampton,0
657,28,7.8958,M,0,0,3a,Southampton,0
658,32,15.5,F,1,1,3a,Queenstown,0
659,23,13,M,0,0,2a,Southampton,0
660,58,113275,M,0,2,1a,Cherbourg,0
661,50,133.65,M,2,0,1a,Southampton,1
662,40,7225,M,0,0,3a,Cherbourg,0
663,47,25.5875,M,0,0,1a,Southampton,0
664,36,7.4958,M,0,0,3a,Southampton,0
665,20,7925,M,1,0,3a,Southampton,1
666,32,73.5,M,2,0,2a,Southampton,0
667,25,13,M,0,0,2a,Southampton,0
668,28,7775,M,0,0,3a,Southampton,0
669,43,8.05,M,0,0,3a,Southampton,0
670,28,52,F,1,0,1a,Southampton,1
671,40,39,F,1,1,2a,Southampton,1
672,31,52,M,1,0,1a,Southampton,0
673,70,10.5,M,0,0,2a,Southampton,0
674,31,13,M,0,0,2a,Southampton,1
675,28,0,M,0,0,2a,Southampton,0
676,18,7775,M,0,0,3a,Southampton,0
677,24.5,8.05,M,0,0,3a,Southampton,0
678,18,9.8417,F,0,0,3a,Southampton,1
679,43,46.9,F,1,6,3a,Southampton,0
680,36,512.3292,M,0,1,1a,Cherbourg,1
681,28,8.1375,F,0,0,3a,Queenstown,0
682,27,76.7292,M,0,0,1a,Cherbourg,1
683,20,9225,M,0,0,3a,Southampton,0
684,14,46.9,M,5,2,3a,Southampton,0
685,60,39,M,1,1,2a,Southampton,0
686,25,41.5792,M,1,2,2a,Cherbourg,0
687,14,39.6875,M,4,1,3a,Southampton,0
688,19,10.1708,M,0,0,3a,Southampton,0
689,18,7.7958,M,0,0,3a,Southampton,0
690,15,211.3375,F,0,1,1a,Southampton,1
691,31,57,M,1,0,1a,Southampton,1
692,4,13.4167,F,0,1,3a,Cherbourg,1
693,28,56.4958,M,0,0,3a,Southampton,1
694,25,7225,M,0,0,3a,Cherbourg,0
695,60,26.55,M,0,0,1a,Southampton,0
696,52,13.5,M,0,0,2a,Southampton,0
697,44,8.05,M,0,0,3a,Southampton,0
698,28,7.7333,F,0,0,3a,Queenstown,1
699,49,110.8833,M,1,1,1a,Cherbourg,0
700,42,7.65,M,0,0,3a,Southampton,0
701,18,227525,F,1,0,1a,Cherbourg,1
702,35,26.2875,M,0,0,1a,Southampton,1
703,18,14.4542,F,0,1,3a,Cherbourg,0
704,25,7.7417,M,0,0,3a,Queenstown,0
705,26,7.8542,M,1,0,3a,Southampton,0
706,39,26,M,0,0,2a,Southampton,0
707,45,13.5,F,0,0,2a,Southampton,1
708,42,26.2875,M,0,0,1a,Southampton,1
709,22,151.55,F,0,0,1a,Southampton,1
710,28,15.2458,M,1,1,3a,Cherbourg,1
711,24,49.5042,F,0,0,1a,Cherbourg,1
712,28,26.55,M,0,0,1a,Southampton,0
713,48,52,M,1,0,1a,Southampton,1
714,29,9.4833,M,0,0,3a,Southampton,0
715,52,13,M,0,0,2a,Southampton,0
716,19,7.65,M,0,0,3a,Southampton,0
717,38,227525,F,0,0,1a,Cherbourg,1
718,27,10.5,F,0,0,2a,Southampton,1
719,28,15.5,M,0,0,3a,Queenstown,0
720,33,7775,M,0,0,3a,Southampton,0
721,6,33,F,0,1,2a,Southampton,1
722,17,7.0542,M,1,0,3a,Southampton,0
723,34,13,M,0,0,2a,Southampton,0
724,50,13,M,0,0,2a,Southampton,0
725,27,53.1,M,1,0,1a,Southampton,1
726,20,8.6625,M,0,0,3a,Southampton,0
727,30,21,F,3,0,2a,Southampton,1
728,28,7.7375,F,0,0,3a,Queenstown,1
729,25,26,M,1,0,2a,Southampton,0
730,25,7925,F,1,0,3a,Southampton,0
731,29,211.3375,F,0,0,1a,Southampton,1
732,11,18.7875,M,0,0,3a,Cherbourg,0
733,28,0,M,0,0,2a,Southampton,0
734,23,13,M,0,0,2a,Southampton,0
735,23,13,M,0,0,2a,Southampton,0
736,28.5,16.1,M,0,0,3a,Southampton,0
737,48,34375,F,1,3,3a,Southampton,0
738,35,512.3292,M,0,0,1a,Cherbourg,1
739,28,7.8958,M,0,0,3a,Southampton,0
740,28,7.8958,M,0,0,3a,Southampton,0
741,28,30,M,0,0,1a,Southampton,1
742,36,78.85,M,1,0,1a,Southampton,0
743,21,262375,F,2,2,1a,Cherbourg,1
744,24,16.1,M,1,0,3a,Southampton,0
745,31,7925,M,0,0,3a,Southampton,1
746,70,71,M,1,1,1a,Southampton,0
747,16,20.25,M,1,1,3a,Southampton,0
748,30,13,F,0,0,2a,Southampton,1
749,19,53.1,M,1,0,1a,Southampton,0
750,31,7.75,M,0,0,3a,Queenstown,0
751,4,23,F,1,1,2a,Southampton,1
752,6,12475,M,0,1,3a,Southampton,1
753,33,9.5,M,0,0,3a,Southampton,0
754,23,7.8958,M,0,0,3a,Southampton,0
755,48,65,F,1,2,2a,Southampton,1
756,0.67,14.5,M,1,1,2a,Southampton,1
757,28,7.7958,M,0,0,3a,Southampton,0
758,18,11.5,M,0,0,2a,Southampton,0
759,34,8.05,M,0,0,3a,Southampton,0
760,33,86.5,F,0,0,1a,Southampton,1
761,28,14.5,M,0,0,3a,Southampton,0
762,41,7125,M,0,0,3a,Southampton,0
763,20,7.2292,M,0,0,3a,Cherbourg,1
764,36,120,F,1,2,1a,Southampton,1
765,16,7775,M,0,0,3a,Southampton,0
766,51,77.9583,F,1,0,1a,Southampton,1
767,28,39.6,M,0,0,1a,Cherbourg,0
768,30.5,7.75,F,0,0,3a,Queenstown,0
769,28,24.15,M,1,0,3a,Queenstown,0
770,32,8.3625,M,0,0,3a,Southampton,0
771,24,9.5,M,0,0,3a,Southampton,0
772,48,7.8542,M,0,0,3a,Southampton,0
773,57,10.5,F,0,0,2a,Southampton,0
774,28,7225,M,0,0,3a,Cherbourg,0
775,54,23,F,1,3,2a,Southampton,1
776,18,7.75,M,0,0,3a,Southampton,0
777,28,7.75,M,0,0,3a,Queenstown,0
778,5,12475,F,0,0,3a,Southampton,1
779,28,7.7375,M,0,0,3a,Queenstown,0
780,43,211.3375,F,0,1,1a,Southampton,1
781,13,7.2292,F,0,0,3a,Cherbourg,1
782,17,57,F,1,0,1a,Southampton,1
783,29,30,M,0,0,1a,Southampton,0
784,28,23.45,M,1,2,3a,Southampton,0
785,25,7.05,M,0,0,3a,Southampton,0
786,25,7.25,M,0,0,3a,Southampton,0
787,18,7.4958,F,0,0,3a,Southampton,1
788,8,29125,M,4,1,3a,Queenstown,0
789,1,20575,M,1,2,3a,Southampton,1
790,46,79.2,M,0,0,1a,Cherbourg,0
791,28,7.75,M,0,0,3a,Queenstown,0
792,16,26,M,0,0,2a,Southampton,0
793,28,69.55,F,8,2,3a,Southampton,0
794,28,30.6958,M,0,0,1a,Cherbourg,0
795,25,7.8958,M,0,0,3a,Southampton,0
796,39,13,M,0,0,2a,Southampton,0
797,49,25.9292,F,0,0,1a,Southampton,1
798,31,8.6833,F,0,0,3a,Southampton,1
799,30,7.2292,M,0,0,3a,Cherbourg,0
800,30,24.15,F,1,1,3a,Southampton,0
801,34,13,M,0,0,2a,Southampton,0
802,31,26.25,F,1,1,2a,Southampton,1
803,11,120,M,1,2,1a,Southampton,1
804,0.42,8.5167,M,0,1,3a,Cherbourg,1
805,27,6975,M,0,0,3a,Southampton,1
806,31,7775,M,0,0,3a,Southampton,0
807,39,0,M,0,0,1a,Southampton,0
808,18,7775,F,0,0,3a,Southampton,0
809,39,13,M,0,0,2a,Southampton,0
810,33,53.1,F,1,0,1a,Southampton,1
811,26,7.8875,M,0,0,3a,Southampton,0
812,39,24.15,M,0,0,3a,Southampton,0
813,35,10.5,M,0,0,2a,Southampton,0
814,6,31275,F,4,2,3a,Southampton,0
815,30.5,8.05,M,0,0,3a,Southampton,0
816,28,0,M,0,0,1a,Southampton,0
817,23,7925,F,0,0,3a,Southampton,0
818,31,37.0042,M,1,1,2a,Cherbourg,0
819,43,6.45,M,0,0,3a,Southampton,0
820,10,27.9,M,3,2,3a,Southampton,0
821,52,93.5,F,1,1,1a,Southampton,1
822,27,8.6625,M,0,0,3a,Southampton,1
823,38,0,M,0,0,1a,Southampton,0
824,27,12475,F,0,1,3a,Southampton,1
825,2,39.6875,M,4,1,3a,Southampton,0
826,28,6.95,M,0,0,3a,Queenstown,0
827,28,56.4958,M,0,0,3a,Southampton,0
828,1,37.0042,M,0,2,2a,Cherbourg,1
829,28,7.75,M,0,0,3a,Queenstown,1
830,62,80,F,0,0,1a,,1
831,15,14.4542,F,1,0,3a,Cherbourg,1
832,0.83,18.75,M,1,1,2a,Southampton,1
833,28,7.2292,M,0,0,3a,Cherbourg,0
834,23,7.8542,M,0,0,3a,Southampton,0
835,18,8.3,M,0,0,3a,Southampton,0
836,39,83.1583,F,1,1,1a,Cherbourg,1
837,21,8.6625,M,0,0,3a,Southampton,0
838,28,8.05,M,0,0,3a,Southampton,0
839,32,56.4958,M,0,0,3a,Southampton,1
840,28,29.7,M,0,0,1a,Cherbourg,1
841,20,7925,M,0,0,3a,Southampton,0
842,16,10.5,M,0,0,2a,Southampton,0
843,30,31,F,0,0,1a,Cherbourg,1
844,34.5,6.4375,M,0,0,3a,Cherbourg,0
845,17,8.6625,M,0,0,3a,Southampton,0
846,42,7.55,M,0,0,3a,Southampton,0
847,28,69.55,M,8,2,3a,Southampton,0
848,35,7.8958,M,0,0,3a,Cherbourg,0
849,28,33,M,0,1,2a,Southampton,0
850,28,89.1042,F,1,0,1a,Cherbourg,1
851,4,31275,M,4,2,3a,Southampton,0
852,74,7775,M,0,0,3a,Southampton,0
853,9,15.2458,F,1,1,3a,Cherbourg,0
854,16,39.4,F,0,1,1a,Southampton,1
855,44,26,F,1,0,2a,Southampton,0
856,18,9.35,F,0,1,3a,Southampton,1
857,45,164.8667,F,1,1,1a,Southampton,1
858,51,26.55,M,0,0,1a,Southampton,1
859,24,19.2583,F,0,3,3a,Cherbourg,1
860,28,7.2292,M,0,0,3a,Cherbourg,0
861,41,14.1083,M,2,0,3a,Southampton,0
862,21,11.5,M,1,0,2a,Southampton,0
863,48,25.9292,F,0,0,1a,Southampton,1
864,28,69.55,F,8,2,3a,Southampton,0
865,24,13,M,0,0,2a,Southampton,0
866,42,13,F,0,0,2a,Southampton,1
867,27,13.8583,F,1,0,2a,Cherbourg,1
868,31,50.4958,M,0,0,1a,Southampton,0
869,28,9.5,M,0,0,3a,Southampton,0
870,4,11.1333,M,1,1,3a,Southampton,1
871,26,7.8958,M,0,0,3a,Southampton,0
872,47,52.5542,F,1,1,1a,Southampton,1
873,33,5,M,0,0,1a,Southampton,0
874,47,9,M,0,0,3a,Southampton,0
875,28,24,F,1,0,2a,Cherbourg,1
876,15,7225,F,0,0,3a,Cherbourg,1
877,20,9.8458,M,0,0,3a,Southampton,0
878,19,7.8958,M,0,0,3a,Southampton,0
879,28,7.8958,M,0,0,3a,Southampton,0
880,56,83.1583,F,0,1,1a,Cherbourg,1
881,25,26,F,0,1,2a,Southampton,1
882,33,7.8958,M,0,0,3a,Southampton,0
883,22,10.5167,F,0,0,3a,Southampton,0
884,28,10.5,M,0,0,2a,Southampton,0
885,25,7.05,M,0,0,3a,Southampton,0
886,39,29125,F,0,5,3a,Queenstown,0
887,27,13,M,0,0,2a,Southampton,0
888,19,30,F,0,0,1a,Southampton,1
889,28,23.45,F,1,2,3a,Southampton,0
890,26,30,M,0,0,1a,Cherbourg,1
891,32,7.75,M,0,0,3a,Queenstown,0
892,34.5,7.8292,M,0,0,3a,Queenstown,0
893,47,7,F,1,0,3a,Southampton,0
894,62,9.6875,M,0,0,2a,Queenstown,0
895,27,8.6625,M,0,0,3a,Southampton,0
896,22,12.2875,F,1,1,3a,Southampton,0
897,14,9225,M,0,0,3a,Southampton,0
898,30,7.6292,F,0,0,3a,Queenstown,0
899,26,29,M,1,1,2a,Southampton,0
900,18,7.2292,F,0,0,3a,Cherbourg,0
901,21,24.15,M,2,0,3a,Southampton,0
902,28,7.8958,M,0,0,3a,Southampton,0
903,46,26,M,0,0,1a,Southampton,0
904,23,82.2667,F,1,0,1a,Southampton,0
905,63,26,M,1,0,2a,Southampton,0
906,47,61175,F,1,0,1a,Southampton,0
907,24,27.7208,F,1,0,2a,Cherbourg,0
908,35,12.35,M,0,0,2a,Queenstown,0
909,21,7225,M,0,0,3a,Cherbourg,0
910,27,7925,F,1,0,3a,Southampton,0
911,45,7225,F,0,0,3a,Cherbourg,0
912,55,59.4,M,1,0,1a,Cherbourg,0
913,9,3.1708,M,0,1,3a,Southampton,0
914,28,31.6833,F,0,0,1a,Southampton,0
915,21,61.3792,M,0,1,1a,Cherbourg,0
916,48,262375,F,1,3,1a,Cherbourg,0
917,50,14.5,M,1,0,3a,Southampton,0
918,22,61.9792,F,0,1,1a,Cherbourg,0
919,22.5,7225,M,0,0,3a,Cherbourg,0
920,41,30.5,M,0,0,1a,Southampton,0
921,28,21.6792,M,2,0,3a,Cherbourg,0
922,50,26,M,1,0,2a,Southampton,0
923,24,31.5,M,2,0,2a,Southampton,0
924,33,20575,F,1,2,3a,Southampton,0
925,28,23.45,F,1,2,3a,Southampton,0
926,30,57.75,M,1,0,1a,Cherbourg,0
927,18.5,7.2292,M,0,0,3a,Cherbourg,0
928,28,8.05,F,0,0,3a,Southampton,0
929,21,8.6625,F,0,0,3a,Southampton,0
930,25,9.5,M,0,0,3a,Southampton,0
931,28,56.4958,M,0,0,3a,Southampton,0
932,39,13.4167,M,0,1,3a,Cherbourg,0
933,28,26.55,M,0,0,1a,Southampton,0
934,41,7.85,M,0,0,3a,Southampton,0
935,30,13,F,0,0,2a,Southampton,0
936,45,52.5542,F,1,0,1a,Southampton,0
937,25,7925,M,0,0,3a,Southampton,0
938,45,29.7,M,0,0,1a,Cherbourg,0
939,28,7.75,M,0,0,3a,Queenstown,0
940,60,76.2917,F,0,0,1a,Cherbourg,0
941,36,15.9,F,0,2,3a,Southampton,0
942,24,60,M,1,0,1a,Southampton,0
943,27,15.0333,M,0,0,2a,Cherbourg,0
944,20,23,F,2,1,2a,Southampton,0
945,28,263,F,3,2,1a,Southampton,0
946,28,15.5792,M,0,0,2a,Cherbourg,0
947,10,29125,M,4,1,3a,Queenstown,0
948,35,7.8958,M,0,0,3a,Southampton,0
949,25,7.65,M,0,0,3a,Southampton,0
950,28,16.1,M,1,0,3a,Southampton,0
951,36,262375,F,0,0,1a,Cherbourg,0
952,17,7.8958,M,0,0,3a,Southampton,0
953,32,13.5,M,0,0,2a,Southampton,0
954,18,7.75,M,0,0,3a,Southampton,0
955,22,7725,F,0,0,3a,Queenstown,0
956,13,262375,M,2,2,1a,Cherbourg,0
957,28,21,F,0,0,2a,Southampton,0
958,18,7.8792,F,0,0,3a,Queenstown,0
959,47,42.4,M,0,0,1a,Southampton,0
960,31,28.5375,M,0,0,1a,Cherbourg,0
961,60,263,F,1,4,1a,Southampton,0
962,24,7.75,F,0,0,3a,Queenstown,0
963,21,7.8958,M,0,0,3a,Southampton,0
964,29,7925,F,0,0,3a,Southampton,0
965,28.5,27.7208,M,0,0,1a,Cherbourg,0
966,35,211.5,F,0,0,1a,Cherbourg,0
967,32.5,211.5,M,0,0,1a,Cherbourg,0
968,28,8.05,M,0,0,3a,Southampton,0
969,55,25.7,F,2,0,1a,Southampton,0
970,30,13,M,0,0,2a,Southampton,0
971,24,7.75,F,0,0,3a,Queenstown,0
972,6,15.2458,M,1,1,3a,Cherbourg,0
973,67,221.7792,M,1,0,1a,Southampton,0
974,49,26,M,0,0,1a,Southampton,0
975,28,7.8958,M,0,0,3a,Southampton,0
976,28,10.7083,M,0,0,2a,Queenstown,0
977,28,14.4542,M,1,0,3a,Cherbourg,0
978,27,7.8792,F,0,0,3a,Queenstown,0
979,18,8.05,F,0,0,3a,Southampton,0
980,28,7.75,F,0,0,3a,Queenstown,0
981,2,23,M,1,1,2a,Southampton,0
982,22,13.9,F,1,0,3a,Southampton,0
983,28,7775,M,0,0,3a,Southampton,0
984,27,52,F,1,2,1a,Southampton,0
985,28,8.05,M,0,0,3a,Southampton,0
986,25,26,M,0,0,1a,Cherbourg,0
987,25,7.7958,M,0,0,3a,Southampton,0
988,76,78.85,F,1,0,1a,Southampton,0
989,29,7925,M,0,0,3a,Southampton,0
990,20,7.8542,F,0,0,3a,Southampton,0
991,33,8.05,M,0,0,3a,Southampton,0
992,43,55.4417,F,1,0,1a,Cherbourg,0
993,27,26,M,1,0,2a,Southampton,0
994,28,7.75,M,0,0,3a,Queenstown,0
995,26,7775,M,0,0,3a,Southampton,0
996,16,8.5167,F,1,1,3a,Cherbourg,0
997,28,22525,M,0,0,3a,Southampton,0
998,21,7.8208,M,0,0,3a,Queenstown,0
999,28,7.75,M,0,0,3a,Queenstown,0
1000,28,8.7125,M,0,0,3a,Southampton,0
1001,18.5,13,M,0,0,2a,Southampton,0
1002,41,15.0458,M,0,0,2a,Cherbourg,0
1003,28,7.7792,F,0,0,3a,Queenstown,0
1004,36,31.6792,F,0,0,1a,Cherbourg,0
1005,18.5,7.2833,F,0,0,3a,Queenstown,0
1006,63,221.7792,F,1,0,1a,Southampton,0
1007,18,14.4542,M,1,0,3a,Cherbourg,0
1008,28,6.4375,M,0,0,3a,Cherbourg,0
1009,1,16.7,F,1,1,3a,Southampton,0
1010,36,75.2417,M,0,0,1a,Cherbourg,0
1011,29,26,F,1,0,2a,Southampton,0
1012,12,15.75,F,0,0,2a,Southampton,0
1013,28,7.75,M,1,0,3a,Queenstown,0
1014,35,57.75,F,1,0,1a,Cherbourg,0
1015,28,7.25,M,0,0,3a,Southampton,0
1016,28,7.75,M,0,0,3a,Queenstown,0
1017,17,16.1,F,0,1,3a,Southampton,0
1018,22,7.7958,M,0,0,3a,Southampton,0
1019,28,23.25,F,2,0,3a,Queenstown,0
1020,42,13,M,0,0,2a,Southampton,0
1021,24,8.05,M,0,0,3a,Southampton,0
1022,32,8.05,M,0,0,3a,Southampton,0
1023,53,28.5,M,0,0,1a,Cherbourg,0
1024,28,25.4667,F,0,4,3a,Southampton,0
1025,28,6.4375,M,1,0,3a,Cherbourg,0
1026,43,7.8958,M,0,0,3a,Southampton,0
1027,24,7.8542,M,0,0,3a,Southampton,0
1028,26.5,7225,M,0,0,3a,Cherbourg,0
1029,26,13,M,0,0,2a,Southampton,0
1030,23,8.05,F,0,0,3a,Southampton,0
1031,40,46.9,M,1,6,3a,Southampton,0
1032,10,46.9,F,5,2,3a,Southampton,0
1033,33,151.55,F,0,0,1a,Southampton,0
1034,61,262375,M,1,3,1a,Cherbourg,0
1035,28,26,M,0,0,2a,Southampton,0
1036,42,26.55,M,0,0,1a,Southampton,0
1037,31,18,M,3,0,3a,Southampton,0
1038,28,51.8625,M,0,0,1a,Southampton,0
1039,22,8.05,M,0,0,3a,Southampton,0
1040,28,26.55,M,0,0,1a,Southampton,0
1041,30,26,M,1,1,2a,Southampton,0
1042,23,83.1583,F,0,1,1a,Cherbourg,0
1043,28,7.8958,M,0,0,3a,Cherbourg,0
1044,60.5,14.4542,M,0,0,3a,Southampton,0
1045,36,12.1833,F,0,2,3a,Southampton,0
1046,13,31.3875,M,4,2,3a,Southampton,0
1047,24,7.55,M,0,0,3a,Southampton,0
1048,29,221.7792,F,0,0,1a,Southampton,0
1049,23,7.8542,F,0,0,3a,Southampton,0
1050,42,26.55,M,0,0,1a,Southampton,0
1051,26,13775,F,0,2,3a,Southampton,0
1052,28,7.7333,F,0,0,3a,Queenstown,0
1053,7,15.2458,M,1,1,3a,Cherbourg,0
1054,26,13.5,F,0,0,2a,Southampton,0
1055,28,7,M,0,0,3a,Southampton,0
1056,41,13,M,0,0,2a,Southampton,0
1057,26,22025,F,1,1,3a,Southampton,0
1058,48,50.4958,M,0,0,1a,Cherbourg,0
1059,18,34375,M,2,2,3a,Southampton,0
1060,28,27.7208,F,0,0,1a,Cherbourg,0
1061,22,8.9625,F,0,0,3a,Southampton,0
1062,28,7.55,M,0,0,3a,Southampton,0
1063,27,7225,M,0,0,3a,Cherbourg,0
1064,23,13.9,M,1,0,3a,Southampton,0
1065,28,7.2292,M,0,0,3a,Cherbourg,0
1066,40,31.3875,M,1,5,3a,Southampton,0
1067,15,39,F,0,2,2a,Southampton,0
1068,20,36.75,F,0,0,2a,Southampton,0
1069,54,55.4417,M,1,0,1a,Cherbourg,0
1070,36,39,F,0,3,2a,Southampton,0
1071,64,83.1583,F,0,2,1a,Cherbourg,0
1072,30,13,M,0,0,2a,Southampton,0
1073,37,83.1583,M,1,1,1a,Cherbourg,0
1074,18,53.1,F,1,0,1a,Southampton,0
1075,28,7.75,M,0,0,3a,Queenstown,0
1076,27,247.5208,F,1,1,1a,Cherbourg,0
1077,40,16,M,0,0,2a,Southampton,0
1078,21,21,F,0,1,2a,Southampton,0
1079,17,8.05,M,2,0,3a,Southampton,0
1080,28,69.55,F,8,2,3a,Southampton,0
1081,40,13,M,0,0,2a,Southampton,0
1082,34,26,M,1,0,2a,Southampton,0
1083,28,26,M,0,0,1a,Southampton,0
1084,11.5,14.5,M,1,1,3a,Southampton,0
1085,61,12.35,M,0,0,2a,Queenstown,0
1086,8,32.5,M,0,2,2a,Southampton,0
1087,33,7.8542,M,0,0,3a,Southampton,0
1088,6,134.5,M,0,2,1a,Cherbourg,0
1089,18,7775,F,0,0,3a,Southampton,0
1090,23,10.5,M,0,0,2a,Southampton,0
1091,28,8.1125,F,0,0,3a,Southampton,0
1092,28,15.5,F,0,0,3a,Queenstown,0
1093,0.33,14.4,M,0,2,3a,Southampton,0
1094,47,227525,M,1,0,1a,Cherbourg,0
1095,8,26,F,1,1,2a,Southampton,0
1096,25,10.5,M,0,0,2a,Southampton,0
1097,28,25.7417,M,0,0,1a,Cherbourg,0
1098,35,7.75,F,0,0,3a,Queenstown,0
1099,24,10.5,M,0,0,2a,Southampton,0
1100,33,27.7208,F,0,0,1a,Cherbourg,0
1101,25,7.8958,M,0,0,3a,Southampton,0
1102,32,22525,M,0,0,3a,Southampton,0
1103,28,7.05,M,0,0,3a,Southampton,0
1104,17,73.5,M,0,0,2a,Southampton,0
1105,60,26,F,1,0,2a,Southampton,0
1106,38,7775,F,4,2,3a,Southampton,0
1107,42,42.5,M,0,0,1a,Southampton,0
1108,28,7.8792,F,0,0,3a,Queenstown,0
1109,57,164.8667,M,1,1,1a,Southampton,0
1110,50,211.5,F,1,1,1a,Cherbourg,0
1111,28,8.05,M,0,0,3a,Southampton,0
1112,30,13.8583,F,1,0,2a,Cherbourg,0
1113,21,8.05,M,0,0,3a,Southampton,0
1114,22,10.5,F,0,0,2a,Southampton,0
1115,21,7.7958,M,0,0,3a,Southampton,0
1116,53,27.4458,F,0,0,1a,Cherbourg,0
1117,28,15.2458,F,0,2,3a,Cherbourg,0
1118,23,7.7958,M,0,0,3a,Southampton,0
1119,28,7.75,F,0,0,3a,Queenstown,0
1120,40.5,15.1,M,0,0,3a,Southampton,0
1121,36,13,M,0,0,2a,Southampton,0
1122,14,65,M,0,0,2a,Southampton,0
1123,21,26.55,F,0,0,1a,Southampton,0
1124,21,6.4958,M,1,0,3a,Southampton,0
1125,28,7.8792,M,0,0,3a,Queenstown,0
1126,39,71.2833,M,1,0,1a,Cherbourg,0
1127,20,7.8542,M,0,0,3a,Southampton,0
1128,64,75.25,M,1,0,1a,Cherbourg,0
1129,20,7225,M,0,0,3a,Cherbourg,0
1130,18,13,F,1,1,2a,Southampton,0
1131,48,106425,F,1,0,1a,Cherbourg,0
1132,55,27.7208,F,0,0,1a,Cherbourg,0
1133,45,30,F,0,2,2a,Southampton,0
1134,45,134.5,M,1,1,1a,Cherbourg,0
1135,28,7.8875,M,0,0,3a,Southampton,0
1136,28,23.45,M,1,2,3a,Southampton,0
1137,41,51.8625,M,1,0,1a,Southampton,0
1138,22,21,F,0,0,2a,Southampton,0
1139,42,32.5,M,1,1,2a,Southampton,0
1140,29,26,F,1,0,2a,Southampton,0
1141,28,14.4542,F,1,0,3a,Cherbourg,0
1142,0.92,27.75,F,1,2,2a,Southampton,0
1143,20,7925,M,0,0,3a,Southampton,0
1144,27,136.7792,M,1,0,1a,Cherbourg,0
1145,24,9325,M,0,0,3a,Southampton,0
1146,32.5,9.5,M,0,0,3a,Southampton,0
1147,28,7.55,M,0,0,3a,Southampton,0
1148,28,7.75,M,0,0,3a,Queenstown,0
1149,28,8.05,M,0,0,3a,Southampton,0
1150,19,13,F,0,0,2a,Southampton,0
1151,21,7775,M,0,0,3a,Southampton,0
1152,36.5,17.4,M,1,0,3a,Southampton,0
1153,21,7.8542,M,0,0,3a,Southampton,0
1154,29,23,F,0,2,2a,Southampton,0
1155,1,12.1833,F,1,1,3a,Southampton,0
1156,30,12.7375,M,0,0,2a,Cherbourg,0
1157,28,7.8958,M,0,0,3a,Southampton,0
1158,28,0,M,0,0,1a,Southampton,0
1159,28,7.55,M,0,0,3a,Southampton,0
1160,28,8.05,F,0,0,3a,Southampton,0
1161,17,8.6625,M,0,0,3a,Southampton,0
1162,46,75.2417,M,0,0,1a,Cherbourg,0
1163,28,7.75,M,0,0,3a,Queenstown,0
1164,26,136.7792,F,1,0,1a,Cherbourg,0
1165,28,15.5,F,1,0,3a,Queenstown,0
1166,28,7225,M,0,0,3a,Cherbourg,0
1167,20,26,F,1,0,2a,Southampton,0
1168,28,10.5,M,0,0,2a,Southampton,0
1169,40,26,M,1,0,2a,Southampton,0
1170,30,21,M,1,0,2a,Southampton,0
1171,22,10.5,M,0,0,2a,Southampton,0
1172,23,8.6625,F,0,0,3a,Southampton,0
1173,0.75,13775,M,1,1,3a,Southampton,0
1174,28,7.75,F,0,0,3a,Queenstown,0
1175,9,15.2458,F,1,1,3a,Cherbourg,0
1176,2,20.2125,F,1,1,3a,Southampton,0
1177,36,7.25,M,0,0,3a,Southampton,0
1178,28,7.25,M,0,0,3a,Southampton,0
1179,24,82.2667,M,1,0,1a,Southampton,0
1180,28,7.2292,M,0,0,3a,Cherbourg,0
1181,28,8.05,M,0,0,3a,Southampton,0
1182,28,39.6,M,0,0,1a,Southampton,0
1183,30,6.95,F,0,0,3a,Queenstown,0
1184,28,7.2292,M,0,0,3a,Cherbourg,0
1185,53,81.8583,M,1,1,1a,Southampton,0
1186,36,9.5,M,0,0,3a,Southampton,0
1187,26,7.8958,M,0,0,3a,Southampton,0
1188,1,41.5792,F,1,2,2a,Cherbourg,0
1189,28,21.6792,M,2,0,3a,Cherbourg,0
1190,30,45.5,M,0,0,1a,Southampton,0
1191,29,7.8542,M,0,0,3a,Southampton,0
1192,32,7775,M,0,0,3a,Southampton,0
1193,28,15.0458,M,0,0,2a,Cherbourg,0
1194,43,21,M,0,1,2a,Southampton,0
1195,24,8.6625,M,0,0,3a,Southampton,0
1196,28,7.75,F,0,0,3a,Queenstown,0
1197,64,26.55,F,1,1,1a,Southampton,0
1198,30,151.55,M,1,2,1a,Southampton,0
1199,0.83,9.35,M,0,1,3a,Southampton,0
1200,55,93.5,M,1,1,1a,Southampton,0
1201,45,14.1083,F,1,0,3a,Southampton,0
1202,18,8.6625,M,0,0,3a,Southampton,0
1203,22,7225,M,0,0,3a,Cherbourg,0
1204,28,7575,M,0,0,3a,Southampton,0
1205,37,7.75,F,0,0,3a,Queenstown,0
1206,55,135.6333,F,0,0,1a,Cherbourg,0
1207,17,7.7333,F,0,0,3a,Queenstown,0
1208,57,146.5208,M,1,0,1a,Cherbourg,0
1209,19,10.5,M,0,0,2a,Southampton,0
1210,27,7.8542,M,0,0,3a,Southampton,0
1211,22,31.5,M,2,0,2a,Southampton,0
1212,26,7775,M,0,0,3a,Southampton,0
1213,25,7.2292,M,0,0,3a,Cherbourg,0
1214,26,13,M,0,0,2a,Southampton,0
1215,33,26.55,M,0,0,1a,Southampton,0
1216,39,211.3375,F,0,0,1a,Southampton,0
1217,23,7.05,M,0,0,3a,Southampton,0
1218,12,39,F,2,1,2a,Southampton,0
1219,46,79.2,M,0,0,1a,Cherbourg,0
1220,29,26,M,1,0,2a,Southampton,0
1221,21,13,M,0,0,2a,Southampton,0
1222,48,36.75,F,0,2,2a,Southampton,0
1223,39,29.7,M,0,0,1a,Cherbourg,0
1224,28,7225,M,0,0,3a,Cherbourg,0
1225,19,15.7417,F,1,1,3a,Cherbourg,0
1226,27,7.8958,M,0,0,3a,Southampton,0
1227,30,26,M,0,0,1a,Southampton,0
1228,32,13,M,0,0,2a,Southampton,0
1229,39,7.2292,M,0,2,3a,Cherbourg,0
1230,25,31.5,M,0,0,2a,Southampton,0
1231,28,7.2292,M,0,0,3a,Cherbourg,0
1232,18,10.5,M,0,0,2a,Southampton,0
1233,32,7.5792,M,0,0,3a,Southampton,0
1234,28,69.55,M,1,9,3a,Southampton,0
1235,58,512.3292,F,0,1,1a,Cherbourg,0
1236,28,14.5,M,1,1,3a,Southampton,0
1237,16,7.65,F,0,0,3a,Southampton,0
1238,26,13,M,0,0,2a,Southampton,0
1239,38,7.2292,F,0,0,3a,Cherbourg,0
1240,24,13.5,M,0,0,2a,Southampton,0
1241,31,21,F,0,0,2a,Southampton,0
1242,45,63.3583,F,0,1,1a,Cherbourg,0
1243,25,10.5,M,0,0,2a,Southampton,0
1244,18,73.5,M,0,0,2a,Southampton,0
1245,49,65,M,1,2,2a,Southampton,0
1246,0.17,20575,F,1,2,3a,Southampton,0
1247,50,26,M,0,0,1a,Southampton,0
1248,59,51.4792,F,2,0,1a,Southampton,0
1249,28,7.8792,M,0,0,3a,Southampton,0
1250,28,7.75,M,0,0,3a,Queenstown,0
1251,30,15.55,F,1,0,3a,Southampton,0
1252,14.5,69.55,M,8,2,3a,Southampton,0
1253,24,37.0042,F,1,1,2a,Cherbourg,0
1254,31,21,F,0,0,2a,Southampton,0
1255,27,8.6625,M,0,0,3a,Southampton,0
1256,25,55.4417,F,1,0,1a,Cherbourg,0
1257,28,69.55,F,1,9,3a,Southampton,0
1258,28,14.4583,M,1,0,3a,Cherbourg,0
1259,22,39.6875,F,0,0,3a,Southampton,0
1260,45,59.4,F,0,1,1a,Cherbourg,0
1261,29,13.8583,M,0,0,2a,Cherbourg,0
1262,21,11.5,M,1,0,2a,Southampton,0
1263,31,134.5,F,0,0,1a,Cherbourg,0
1264,49,0,M,0,0,1a,Southampton,0
1265,44,13,M,0,0,2a,Southampton,0
1266,54,81.8583,F,1,1,1a,Southampton,0
1267,45,262375,F,0,0,1a,Cherbourg,0
1268,22,8.6625,F,2,0,3a,Southampton,0
1269,21,11.5,M,0,0,2a,Southampton,0
1270,55,50,M,0,0,1a,Southampton,0
1271,5,31.3875,M,4,2,3a,Southampton,0
1272,28,7.75,M,0,0,3a,Queenstown,0
1273,26,7.8792,M,0,0,3a,Queenstown,0
1274,28,14.5,F,0,0,3a,Southampton,0
1275,19,16.1,F,1,0,3a,Southampton,0
1276,28,12875,M,0,0,2a,Southampton,0
1277,24,65,F,1,2,2a,Southampton,0
1278,24,7775,M,0,0,3a,Southampton,0
1279,57,13,M,0,0,2a,Southampton,0
1280,21,7.75,M,0,0,3a,Queenstown,0
1281,6,21075,M,3,1,3a,Southampton,0
1282,23,93.5,M,0,0,1a,Southampton,0
1283,51,39.4,F,0,1,1a,Southampton,0
1284,13,20.25,M,0,2,3a,Southampton,0
1285,47,10.5,M,0,0,2a,Southampton,0
1286,29,22025,M,3,1,3a,Southampton,0
1287,18,60,F,1,0,1a,Southampton,0
1288,24,7.25,M,0,0,3a,Queenstown,0
1289,48,79.2,F,1,1,1a,Cherbourg,0
1290,22,7775,M,0,0,3a,Southampton,0
1291,31,7.7333,M,0,0,3a,Queenstown,0
1292,30,164.8667,F,0,0,1a,Southampton,0
1293,38,21,M,1,0,2a,Southampton,0
1294,22,59.4,F,0,1,1a,Cherbourg,0
1295,17,47.1,M,0,0,1a,Southampton,0
1296,43,27.7208,M,1,0,1a,Cherbourg,0
1297,20,13.8625,M,0,0,2a,Cherbourg,0
1298,23,10.5,M,1,0,2a,Southampton,0
1299,50,211.5,M,1,1,1a,Cherbourg,0
1300,28,7.7208,F,0,0,3a,Queenstown,0
1301,3,13775,F,1,1,3a,Southampton,0
1302,28,7.75,F,0,0,3a,Queenstown,0
1303,37,90,F,1,0,1a,Queenstown,0
1304,28,7775,F,0,0,3a,Southampton,0
1305,28,8.05,M,0,0,3a,Southampton,0
1306,39,108.9,F,0,0,1a,Cherbourg,0
1307,38.5,7.25,M,0,0,3a,Southampton,0
1308,28,8.05,M,0,0,3a,Southampton,0
1309,28,22.3583,M,1,1,3a,Cherbourg,0
